venue_country,matches_played,matches_won_toss_won_match,toss_won_match_won_percent
Australia,149,62,41.61073826
Bangladesh,54,19,35.18518519
India,110,39,35.45454545
New Zealand,103,32,31.06796117
Pakistan,60,20,33.33333333
South Africa,120,47,39.16666667
Sri Lanka,117,48,41.02564103
United Arab Emirates,28,12,42.85714286
West Indies,117,38,32.47863248
Zimbabwe,56,19,33.92857143
England,170,68,40
