venue_country,matches_played,matches_won_toss_bat,won_toss_bat_percent
Australia,149,110,73.82550336
Bangladesh,54,40,74.07407407
India,110,101,91.81818182
New Zealand,103,35,33.98058252
Pakistan,60,41,68.33333333
South Africa,120,68,56.66666667
Sri Lanka,117,83,70.94017094
United Arab Emirates,28,23,82.14285714
West Indies,117,72,61.53846154
Zimbabwe,56,34,60.71428571
England,170,110,64.70588235
