team,matches_played,matches_won_toss,toss_won_percent
Australia,296,150.0,50.6756756757
Bangladesh,95,49.0,51.5789473684
England,314,144.0,45.8598726115
India,239,121.0,50.6276150628
New Zealand,212,105.0,49.5283018868
Pakistan,212,95.0,44.8113207547
South Africa,234,117.0,50.0
Sri Lanka,224,124.0,55.3571428571
West Indies,240,121.0,50.4166666667
Zimbabwe,101,58.0,57.4257425743
